Year,City,Name,Country,Sport,Anti-doping rule violation,Medals,Ref.,DNS
1968,Mexico City,Hans-Gunnar Liljenwall, Sweden,Modern pentathlon,Ethanol,"3rd place, bronze medalist(s) (team)",,FALSE
1972,Munich,Bakaava Buidaa, Mongolia,Judo,Dianabol,"2nd place, silver medalist(s) (63 kg)",[26],FALSE
1972,Munich,Miguel Coll, Puerto Rico,Basketball,Amphetamine,,[26][27],FALSE
1972,Munich,Rick DeMont, United States,Swimming,Ephedrine,"1st place, gold medalist(s) (men's 400 m freestyle)",[26],FALSE
1972,Munich,Aad van den Hoek, Netherlands,Cycling,Coramine,"3rd place, bronze medalist(s) (100 km team race)",[26],FALSE
1972,Munich,Jaime Huélamo, Spain,Cycling,Coramine,"3rd place, bronze medalist(s) (individual road race)",[26],FALSE
1972,Munich,Walter Legel, Austria,Weightlifting,Amphetamine,,[26],FALSE
1972,Munich,Mohammad Reza Nasehi, Iran,Weightlifting,Ephedrine,,,FALSE
1976,Montreal,Blagoi Blagoev, Bulgaria,Weightlifting,Anabolic steroid,"2nd place, silver medalist(s) (82.5 kg)",[26],FALSE
1976,Montreal,Mark Cameron, United States,Weightlifting,Anabolic steroid,,[26],FALSE
1976,Montreal,Paul Cerutti, Monaco,Shooting,Amphetamine,,[26],FALSE
1976,Montreal,Dragomir Cioroslan, Romania,Weightlifting,Fencamfamine,,[26],FALSE
1976,Montreal,Philippe Grippaldi, United States,Weightlifting,Anabolic steroid,,[26],FALSE
1976,Montreal,Zbigniew Kaczmarek, Poland,Weightlifting,Anabolic steroid,"1st place, gold medalist(s) (67.5 kg)",[26],FALSE
1976,Montreal,Valentin Khristov, Bulgaria,Weightlifting,Anabolic steroid,"1st place, gold medalist(s) (110 kg)",[26],FALSE
1976,Montreal,Lorne Liebel, Canada,Sailing,Phenylpropanolamine,,[26],FALSE
1976,Montreal,Arne Norrback, Sweden,Weightlifting,Anabolic steroid,,[26],FALSE
1976,Montreal,Peter Pavlasek, Czechoslovakia,Weightlifting,Anabolic steroid,,[26],FALSE
1976,Montreal,Danuta Rosani, Poland,Athletics,Anabolic steroid,,[26][28],FALSE
1984,Los Angeles,Serafim Grammatikopoulos, Greece,Weightlifting,Nandrolone,,,FALSE
1984,Los Angeles,Vésteinn Hafsteinsson, Iceland,Athletics,Nandrolone,,[28],FALSE
1984,Los Angeles,Tomas Johansson, Sweden,Wrestling,Methenolone,"2nd place, silver medalist(s) (super-heavy)",,FALSE
1984,Los Angeles,Stefan Laggner, Austria,Weightlifting,Nandrolone,,,FALSE
1984,Los Angeles,Göran Pettersson, Sweden,Weightlifting,Nandrolone,,,FALSE
1984,Los Angeles,Eiji Shimomura, Japan,Volleyball,Testosterone,,,FALSE
1984,Los Angeles,Mikiyasu Tanaka, Japan,Volleyball,Ephedrine,,,FALSE
1984,Los Angeles,Ahmed Tarbi, Algeria,Weightlifting,Nandrolone,,,FALSE
1984,Los Angeles,Mahmud Tarha, Lebanon,Weightlifting,Nandrolone,,,FALSE
1984,Los Angeles,Giampaolo Urlando, Italy,Athletics,Testosterone,,[28],FALSE
1984,Los Angeles,Martti Vainio, Finland,Athletics,Methenolone,"2nd place, silver medalist(s) (10,000 m)",[28],FALSE
1984,Los Angeles,Anna Verouli, Greece,Athletics,Nandrolone,,[28],FALSE
1988,Seoul,Ali Dad, Afghanistan,Wrestling,Furosemide,,,FALSE
1988,Seoul,Kerrith Brown, Great Britain,Judo,Furosemide,,,FALSE
1988,Seoul,Kalman Csengeri, Hungary,Weightlifting,Stanozolol,,,FALSE
1988,Seoul,Mitko Grablev, Bulgaria,Weightlifting,Furosemide,"1st place, gold medalist(s) (56 kg)",,FALSE
1988,Seoul,Angell Guenchev, Bulgaria,Weightlifting,Furosemide,"1st place, gold medalist(s) (67.5 kg)",,FALSE
1988,Seoul,Ben Johnson, Canada,Athletics,Stanozolol,"1st place, gold medalist(s) (men's 100 m)",[28],FALSE
1988,Seoul,Fernando Mariaca, Spain,Weightlifting,Pemoline,,,FALSE
1988,Seoul,Jorge Quesada, Spain,Modern pentathlon,Propanolol,,,FALSE
1988,Seoul,Andor Szanyi, Hungary,Weightlifting,Stanozolol,"2nd place, silver medalist(s) (100 kg)",,FALSE
1988,Seoul,Alexander Watson, Australia,Modern Pentathlon,Caffeine,,,FALSE
1992,Barcelona,Madina Biktagirova, Unified Team,Athletics,Norephedrine,,[28],FALSE
1992,Barcelona,Wu Dan, China,Volleyball,Strychnine,,,FALSE
1992,Barcelona,Bonnie Dasse, United States,Athletics,Clenbuterol,,[28],FALSE
1992,Barcelona,Jud Logan, United States,Athletics,Clenbuterol,,[28],FALSE
1992,Barcelona,Nijol? Medvedeva, Lithuania,Athletics,Mesocarb,,[28],FALSE
1996,Atlanta,Antonella Bevilacqua, Italy,Athletics,Ephedrine and pseudoephedrine,,[28][33],FALSE
1996,Atlanta,Dean Capobianco, Australia,Athletics,Stanozolol,,[28][33],FALSE
1996,Atlanta,Sandra Farmer-Patrick, United States,Athletics,Testosterone,,[28][34],FALSE
1996,Atlanta,Daniel Plaza, Spain,Athletics,Nandrolone,,[28][35][36],FALSE
1996,Atlanta,Iva Prandzheva, Bulgaria,Athletics,Metadienone,,[28][37],FALSE
1996,Atlanta,Mary Slaney, United States,Athletics,Testosterone,,[28][38],FALSE
1996,Atlanta,Natalya Shekhodanova, Russia,Athletics,Stanozolol,,[28][37][39],FALSE
2000,Sydney,Fritz Aanes, Norway,Wrestling,Norandrosterone and noretiochdandone,,,FALSE
2000,Sydney,Lance Armstrong, United States,Cycling,Investigation by U.S. Anti-Doping Agency concluded in 2012:,"3rd place, bronze medalist(s) (Time trial)",,FALSE
2000,Sydney,,,(Road race and Time trial),"Use, Possession, Trafficking, Administration of Prohibited Substances and Methods and Assisting, Encouraging, Aiding, Abetting, Covering Up or any other type of complicity involving one or more anti-doping rule violations and/or attempted anti-doping rule violations.",,,FALSE
2000,Sydney,Ashot Danielyan, Armenia,Weightlifting,Stanozolol,"3rd place, bronze medalist(s) (+105 kg)",,FALSE
2000,Sydney,Izabela Dragneva, Bulgaria,Weightlifting,Furosemide,"1st place, gold medalist(s) (48 kg)",,FALSE
2000,Sydney,Stian Grimseth, Norway,Weightlifting,Nandrolone,,,FALSE
2000,Sydney,Ivan Ivanov, Bulgaria,Weightlifting,Furosemide,"2nd place, silver medalist(s) (56 kg)",,FALSE
2000,Sydney,Marion Jones, United States,Athletics,THG,"1st place, gold medalist(s) (women's 100 m), 1st place, gold medalist(s) (women's 200 m),",[28],FALSE
2000,Sydney,,,,,"1st place, gold medalist(s) (women's 4x400 m relay), 3rd place, bronze medalist(s) (women's long jump),",,FALSE
2000,Sydney,,,,,"3rd place, bronze medalist(s) (women's 4x100 m relay)",,FALSE
2000,Sydney,Alexander Leipold, Germany,Wrestling,Nandrolone,"1st place, gold medalist(s) (76 kg)",,FALSE
2000,Sydney,Sevdalin Minchev, Bulgaria,Weightlifting,Furosemide,"3rd place, bronze medalist(s) (62 kg)",,FALSE
2000,Sydney,Antonio Pettigrew, United States,Athletics,EPO and HGH,"1st place, gold medalist(s) (men's 4 × 400 m relay)",[28],FALSE
2000,Sydney,Svetlana Pospelova, Russia,Athletics,Stanozolol,,[28][50],FALSE
2000,Sydney,Oyuunbilegiin Pürevbaatar, Mongolia,Wrestling,Furosemide,,,FALSE
2000,Sydney,Andreea R?ducan, Romania,Gymnastics,Pseudophedrine[51],"1st place, gold medalist(s) (women's individual all-round)",,FALSE
2000,Sydney,Andris Reinholds, Latvia,Rowing,Nandrolone,,,FALSE
2000,Sydney,Jerome Young, United States,Athletics,Nandrolone,"1st place, gold medalist(s) (men's 4 × 400 m relay)",[28],FALSE
2004,Athens,Wafa Ammouri, Morocco,Weightlifting,Anabolic steroid,,[52],FALSE
2004,Athens,Adrián Annus, Hungary,Athletics,"Falsified test result, evasion of doping control","1st place, gold medalist(s) (men's hammer throw)",[28][52],FALSE
2004,Athens,Ludger Beerbaum, Germany,Equestrian,Betamethasone (to horse Goldfever),"1st place, gold medalist(s) (team jumping)",,FALSE
2004,Athens,Yuriy Bilonog, Ukraine,Athletics,Oxandrolone (positive after retest in 2012),"1st place, gold medalist(s) (men's shot put)",[28][53][54],FALSE
2004,Athens,Zhanna Block, Ukraine,Athletics,BALCO investigation,,[28],FALSE
2004,Athens,Andrew Brack, Greece,Baseball,Stanozolol (pre-Games test),,[55],FALSE
2004,Athens,Viktor Chislean, Moldova,Weightlifting,Anabolic steroid,,[52],FALSE
2004,Athens,Crystal Cox, United States,Athletics,Anabolic agents and hormones (investigation completed 2010),"1st place, gold medalist(s) (women's 4 × 400 m relay)",[28][56],FALSE
2004,Athens,Róbert Fazekas, Hungary,Athletics,Refused to submit sample,"1st place, gold medalist(s) (men's discus throw)",[28][52][57],FALSE
2004,Athens,Mabel Fonseca, Puerto Rico,Wrestling,Stanozolol,,[52],FALSE
2004,Athens,Anton Galkin, Russia,Athletics,Stanozolol,,[28][52],FALSE
2004,Athens,Ferenc Gyurkovics, Hungary,Weightlifting,Oxandrolone,"2nd place, silver medalist(s) (105 kg)",[52],FALSE
2004,Athens,Tyler Hamilton, United States,Cycling,Use of prohibited substances and methods (self admission),"1st place, gold medalist(s) (men's road time trial)",[58],FALSE
2004,Athens,Marion Jones, United States,Athletics,BALCO investigation,,[28],FALSE
2004,Athens,Zoltan Kecskes, Hungary,Weightlifting,Anabolic steroid,,[52],FALSE
2004,Athens,Konstantinos Kenteris, Greece,Athletics,Evasion of doping control,,[52][57],FALSE
2004,Athens,Albina Khomich, Russia,Weightlifting,Testosterone,,[52],FALSE
2004,Athens,Aye Khine Nan, Myanmar,Weightlifting,Anabolic steroid,,[52],FALSE
2004,Athens,Irina Korzhanenko, Russia,Athletics,Stanozolol,"1st place, gold medalist(s) (women's shot put)",[28][52][57],FALSE
2004,Athens,Zoltán Kovács, Hungary,Weightlifting,Refused to submit sample,,[52],FALSE
2004,Athens,Svetlana Krivelyova, Russia,Athletics,Oxandrolone (positive after retest in 2012),"3rd place, bronze medalist(s) (women's shot put)",[28][54][59][60],FALSE
2004,Athens,Pratima Kumari Na, India,Weightlifting,Anabolic steroid,,[52],FALSE
2004,Athens,Aleksey Lesnichiy, Belarus,Athletics,Clenbuterol,,[28][52][57],FALSE
2004,Athens,David Munyasia, Kenya,Boxing,Cathine,,[52],FALSE
2004,Athens,Derek Nicholson, Greece,Baseball,Diuretic (pre-Games test),,[55],FALSE
2004,Athens,Cian O'Connor, Ireland,Equestrian,Antipsychotics (to horse Waterford Crystal),"1st place, gold medalist(s) (individual jumping)",,FALSE
2004,Athens,Olena Olefirenko, Ukraine,Rowing,Ethamivan,"3rd place, bronze medalist(s) (women's quadruple sculls)",[52],FALSE
2004,Athens,Oleg Perepetchenov, Russia,Weightlifting,Clenbuterol (positive after retest in 2012),"3rd place, bronze medalist(s) (77 kg)",[61][62],FALSE
2004,Athens,Duane Ross, United States,Athletics,BALCO investigation,,[28],FALSE
2004,Athens,Leonidas Sampanis, Greece,Weightlifting,Testosterone,"3rd place, bronze medalist(s) (62 kg)",[52],FALSE
2004,Athens,Thinbaijam Sanamcha Chanu, India,Weightlifting,Furosemide,,[52],FALSE
2004,Athens,Mital Sharipov, Kyrgyzstan,Weightlifting,Furosemide,,[52],FALSE
2004,Athens,Olga Shchukina, Uzbekistan,Athletics,Clenbuterol,,[28][52][57],FALSE
2004,Athens,?ule ?ahbaz, Turkey,Weightlifting,Anabolic steroid,,[52],FALSE
2004,Athens,Ekaterini Thanou, Greece,Athletics,Evasion of doping control,,[52][57],FALSE
2004,Athens,Ivan Tsikhan, Belarus,Athletics,Methandienone (positive after retest in 2012),"2nd place, silver medalist(s) (men's hammer throw)",[28][54],FALSE
2004,Athens,Irina Yatchenko, Belarus,Athletics,Methandienone (positive after retest in 2012),"3rd place, bronze medalist(s) (women's discus throw)",[28][54],FALSE
2008,Beijing,Elvan Abeylegesse, Turkey,Athletics,,"2nd place, silver medalist(s) (5,000 meters)",disqualification following post-event testing for 2007 IAAF World Championships [67],FALSE
2008,Beijing,,,5000 Metres,,"2nd place, silver medalist(s) (10,000 meters)",,FALSE
2008,Beijing,,,"10,000 metres",,,,FALSE
2008,Beijing,Christian Ahlmann, Germany,Equestrian,Capsaicin,,,FALSE
2008,Beijing,,,Individual jumping,,,,FALSE
2008,Beijing,,,Team jumping,,,,FALSE
2008,Beijing,Bernardo Alves, Brazil,Equestrian,Capsaicin,,,FALSE
2008,Beijing,,,Individual jumping,,,,FALSE
2008,Beijing,,,Team jumping,,,,FALSE
2008,Beijing,Lyudmila Blonska, Ukraine,Athletics,Methyltestosterone,"2nd place, silver medalist(s) (heptathlon)",IOC post-event testing[28][94],FALSE
2008,Beijing,,,Heptathlon,,,,FALSE
2008,Beijing,Tony André Hansen, Norway,Equestrian,Capsaicin,"3rd place, bronze medalist(s) (team jumping)",,FALSE
2008,Beijing,,,Individual jumping,,,,FALSE
2008,Beijing,,,Team jumping,,,,FALSE
2008,Beijing,Alissa Kallinikou, Cyprus,Athletics,Testosterone,,In competition test in July 2008[28][95],FALSE
2008,Beijing,,,400 metres,,,,FALSE
2008,Beijing,Kim Jong-su, North Korea,Shooting,Propranolol,"3rd place, bronze medalist(s) (men's 10 m air pistol), 2nd place, silver medalist(s) (50 m pistol)",,FALSE
2008,Beijing,,,10 m air pistol,,,,FALSE
2008,Beijing,,,50 m pistol,,,,FALSE
2008,Beijing,Courtney King, United States,Equestrian,Felbinac,,,FALSE
2008,Beijing,,,Individual dressage,,,,FALSE
2008,Beijing,,,Team dressage,,,,FALSE
2008,Beijing,Denis Lynch, Ireland,Equestrian,Capsaicin,,,FALSE
2008,Beijing,,,Individual jumping,,,,FALSE
2008,Beijing,Andrei Mikhnevich, Belarus,Athletics,"Retest of sample from 2005 WCh: Clenbuterol, Methandienone and Oxandrolone","3rd place, bronze medalist(s) (men's shot put)",IAAF retest of sample from the 2005 IAAF World Championships. All results from August 2005 onwards annulled.[28][96][97],FALSE
2008,Beijing,,,Shot put,,,,FALSE
2008,Beijing,Tezdzhan Naimova, Bulgaria,Athletics,Tampering with doping control,,IAAF out-of-competition test in June 2008.[28][95],FALSE
2008,Beijing,,,100 metres,,,,FALSE
2008,Beijing,Rodrigo Pessoa, Brazil,Equestrian,Nonivamide,,,FALSE
2008,Beijing,,,Individual jumping,,,,FALSE
2008,Beijing,,,Team jumping,,,,FALSE
2008,Beijing,Igor Razoronov, Ukraine,Weightlifting,Nandrolone,,[98],FALSE
2008,Beijing,,,105 kg,,,,FALSE
2008,Beijing,Adam Seroczy?ski, Poland,Canoeing,Clenbuterol,,,FALSE
2008,Beijing,,,K-2 1000 metres,,,,FALSE
2008,Beijing,Do Thi Ngan Thuong, Vietnam,Gymnastics,Furosemide,,,FALSE
2008,Beijing,,,Artistic qualification,,,,FALSE
2008,Beijing,Vanja Perisic, Croatia,Athletics,CERA,,IOC re-analysis of sample in 2009[28][99],FALSE
2008,Beijing,,,800 Metres,,,,FALSE
2008,Beijing,Rashid Ramzi, Bahrain,Athletics,CERA,"1st place, gold medalist(s)",IOC re-analysis of sample in 2009[28][99],FALSE
2008,Beijing,,,1500 Metres,,,,FALSE
2008,Beijing,Davide Rebellin, Italy,Cycling,CERA,"2nd place, silver medalist(s)",IOC re-analysis of sample in 2009[99],FALSE
2008,Beijing,,,Road Race,,,,FALSE
2008,Beijing,Stefan Schumacher, Germany,Cycling,CERA,,IOC re-analysis of sample in 2009[99],FALSE
2008,Beijing,,,Time Trial,,,,FALSE
2008,Beijing,Athanasia Tsoumeleka, Greece,Athletics,CERA,,IOC re-analysis of sample in 2009[28][99],FALSE
2008,Beijing,,,20 Kilometre Walk,,,,FALSE
2008,Beijing,Yuliya Chermoshanskaya, Russia,Athletics,Stanozolol & Turinabol,"1st place, gold medalist(s) (4x100 metre relay)",IOC re-analysis of sample in 2016[100],FALSE
2008,Beijing,,,200 Metres,,,,FALSE
2008,Beijing,,,4 × 100 Metres Relay,,,,FALSE
2008,Beijing,Tatyana Firova, Russia,Athletics,"Turinabol & Metabolite of 1-Testosterone, 1-Androstenedione or 1-Androstenediol","2nd place, silver medalist(s) (4×400 metre relay)",IOC re-analysis of sample in 2016[80],FALSE
2008,Beijing,,,400 Metres,,,,FALSE
2008,Beijing,,,4 × 400 Metres Relay,,,,FALSE
2008,Beijing,Anastasia Kapachinskaya, Russia,Athletics,Stanozolol & Turinabol,"2nd place, silver medalist(s) (4x400 metre relay)",IOC re-analysis of sample in 2016[101],FALSE
2008,Beijing,,,400 Metres,,,,FALSE
2008,Beijing,,,4 × 400 Metres Relay,,,,FALSE
2008,Beijing,Hripsime Khurshudyan, Armenia,Weightlifting,Stanozolol,,IOC re-analysis of sample in 2016[102],FALSE
2008,Beijing,,,75 kg,,,,FALSE
2008,Beijing,Tigran Gevorg Martirosyan, Armenia,Weightlifting,Stanozolol & Turinabol,"3rd place, bronze medalist(s)",IOC re-analysis of sample in 2016[80],FALSE
2008,Beijing,,,69 kg,,,,FALSE
2008,Beijing,Samuel Adelebari Francis, Qatar,Athletics,Stanozolol,,IOC re-analysis of sample in 2016[103],FALSE
2008,Beijing,,,100 Metres,,,,FALSE
2008,Beijing,,,200 Metres,,,,FALSE
2008,Beijing,Nadezhda Evstyukhina, Russia,Weightlifting,Turinabol & EPO,"3rd place, bronze medalist(s)",IOC re-analysis of sample in 2016[80],FALSE
2008,Beijing,,,75 kg,,,,FALSE
2008,Beijing,Alexander Pogorelov, Russia,Athletics,Turinabol,,IOC re-analysis of sample in 2016[101],FALSE
2008,Beijing,,,Decathlon,,,,FALSE
2008,Beijing,Marina Shainova, Russia,Weightlifting,Stanozolol and Turinabol,"2nd place, silver medalist(s)",IOC re-analysis of sample in 2016[80],FALSE
2008,Beijing,,,58 kg,,,,FALSE
2008,Beijing,Alexandru Dudoglo, Moldova,Weightlifting,Stanozolol,,IOC re-analysis of sample in 2016[80],FALSE
2008,Beijing,,,69 kg,,,,FALSE
2008,Beijing,Nurcan Taylan, Turkey,Weightlifting,Stanozolol,,IOC re-analysis of sample in 2016[102],FALSE
2008,Beijing,,,48 kg,,,,FALSE
2008,Beijing,Yarelys Barrios, Cuba,Athletics,Acetazolamide,"2nd place, silver medalist(s)",IOC re-analysis of sample in 2016[103],FALSE
2008,Beijing,,,Discus Throw,,,,FALSE
2008,Beijing,Intigam Zairov, Azerbaijan,Weightlifting,Turinabol,,IOC re-analysis of sample in 2016[80],FALSE
2008,Beijing,,,85 kg,,,,FALSE
2008,Beijing,Ivan Yushkov, Russia,Athletics,"Stanozolol, Oxandrolone & Turinabol",,IOC re-analysis of sample in 2016[101],FALSE
2008,Beijing,,,Shot Put,,,,FALSE
2008,Beijing,Sibel Özkan, Turkey,Weightlifting,Stanozolol,"2nd place, silver medalist(s)",IOC re-analysis of sample in 2016[104],FALSE
2008,Beijing,,,48 kg,,,,FALSE
2008,Beijing,Ilya Ilyin, Kazakhstan,Weightlifting,Stanozolol,"1st place, gold medalist(s)",IOC re-analysis of sample in 2016[88],FALSE
2008,Beijing,,,94 kg,,,,FALSE
2008,Beijing,Mariya Abakumova, Russia,Athletics,Turinabol,"2nd place, silver medalist(s)",IOC re-analysis of sample in 2016[105],FALSE
2008,Beijing,,,Javelin Throw,,,,FALSE
2008,Beijing,Inga Abitova, Russia,Athletics,Turinabol,,IOC re-analysis of sample in 2016[105],FALSE
2008,Beijing,,,"10,000 Metres",,,,FALSE
2008,Beijing,Denis Alexeev, Russia,Athletics,Turinabol,,IOC re-analysis of sample in 2016[105],FALSE
2008,Beijing,,,400 Metres,,,,FALSE
2008,Beijing,Anna Chicherova, Russia,Athletics,Turinabol,"3rd place, bronze medalist(s)",IOC re-analysis of sample in 2016[84],FALSE
2008,Beijing,,,High Jump,,,,FALSE
2008,Beijing,Sardar Hasanov, Azerbaijan,Weightlifting,Turinabol,,IOC re-analysis of sample in 2016[86],FALSE
2008,Beijing,,,62 kg,,,,FALSE
2008,Beijing,Wilfredo Martínez, Cuba,Athletics,Acetazolamide,,IOC re-analysis of sample in 2016[86],FALSE
2008,Beijing,,,Long Jump,,,,FALSE
2008,Beijing,Josephine Nnkiruka Onyia, Spain,Athletics,Methylhexanamine,,IOC re-analysis of sample in 2016[86],FALSE
2008,Beijing,,,100 Metre Hurdles,,,,FALSE
2008,Beijing,Soslan Tigiev, Uzbekistan,Wrestling,Turinabol,"2nd place, silver medalist(s)",IOC re-analysis of sample in 2016[86],FALSE
2008,Beijing,,,Freestyle 74 kg,,,,FALSE
2008,Beijing,Ekaterina Volkova, Russia,Athletics,Turinabol,"3rd place, bronze medalist(s)",IOC re-analysis of sample in 2016[86],FALSE
2008,Beijing,,,3000 Metre Steeplechase,,,,FALSE
2008,Beijing,Olha Korobka, Ukraine,Weightlifting,Turinabol,"2nd place, silver medalist(s)",IOC re-analysis of sample in 2016[86],FALSE
2008,Beijing,,,+75 kg,,,,FALSE
2008,Beijing,Nastassia Novikava, Belarus,Weightlifting,Turinabol & Stanozolol,"3rd place, bronze medalist(s)",IOC re-analysis of sample in 2016[86],FALSE
2008,Beijing,,,53 kg,,,,FALSE
2008,Beijing,Andrei Rybakou, Belarus,Weightlifting,Stanozolol & Turinabol,"2nd place, silver medalist(s)",IOC re-analysis of sample in 2016[86],FALSE
2008,Beijing,,,85 kg,,,,FALSE
2008,Beijing,Taimuraz Tigiyev, Kazakhstan,Wrestling,Turinabol,"2nd place, silver medalist(s)",IOC re-analysis of sample in 2016[86],FALSE
2008,Beijing,,,Freestyle 96 kg,,,,FALSE
2008,Beijing,Khadzhimurat Akkaev, Russia,Weightlifting,Turinabol,"3rd place, bronze medalist(s)",IOC re-analysis of sample in 2016[87],FALSE
2008,Beijing,,,94 kg,,,,FALSE
2008,Beijing,Khasan Baroev, Russia,Wrestling,Turinabol,"2nd place, silver medalist(s)",IOC re-analysis of sample in 2016[87],FALSE
2008,Beijing,,,Greco-Roman 120 kg,,,,FALSE
2008,Beijing,Nataliya Davydova, Ukraine,Weightlifting,Turinabol,"3rd place, bronze medalist(s)",IOC re-analysis of sample in 2016[87],FALSE
2008,Beijing,,,69 kg,,,,FALSE
2008,Beijing,Chrysopigi Devetzi, Greece,Athletics,Stanozolol,"3rd place, bronze medalist(s)",IOC re-analysis of sample in 2016[87],FALSE
2008,Beijing,,,Triple Jump,,,,FALSE
2008,Beijing,Mariya Grabovetskaya, Kazakhstan,Weightlifting,"Turinabol, Oxandrolone & Stanozolol","3rd place, bronze medalist(s)",IOC re-analysis of sample in 2016[87],FALSE
2008,Beijing,,,+75 kg,,,,FALSE
2008,Beijing,Iryna Kulesha, Belarus,Weightlifting,Turinabol,,IOC re-analysis of sample in 2016[87],FALSE
2008,Beijing,,,75 kg,,,,FALSE
2008,Beijing,Dmitry Lapikov, Russia,Weightlifting,Turinabol,"3rd place, bronze medalist(s)",IOC re-analysis of sample in 2016[87],FALSE
2008,Beijing,,,105 kg,,,,FALSE
2008,Beijing,Asset Mambetov, Kazakhstan,Wrestling,Stanozolol,"3rd place, bronze medalist(s)",IOC re-analysis of sample in 2016[87],FALSE
2008,Beijing,,,Greco-Roman 96 kg,,,,FALSE
2008,Beijing,Maya Maneza, Kazakhstan,Weightlifting,Stanozolol,,IOC re-analysis of sample in 2016[87],FALSE
2008,Beijing,,,63 kg,,,,FALSE
2008,Beijing,Irina Nekrassova, Kazakhstan,Weightlifting,Stanozolol,"2nd place, silver medalist(s)",IOC re-analysis of sample in 2016[87],FALSE
2008,Beijing,,,63 kg,,,,FALSE
2008,Beijing,Vita Palamar, Ukraine,Athletics,Turinabol,,IOC re-analysis of sample in 2016[87],FALSE
2008,Beijing,,,High Jump,,,,FALSE
2008,Beijing,Nizami Pashayev, Azerbaijan,Weightlifting,"Turinabol, Oxandrolone & Stanozolol",,IOC re-analysis of sample in 2016[87],FALSE
2008,Beijing,,,94 kg,,,,FALSE
2008,Beijing,Vitaliy Rahimov, Azerbaijan,Wrestling,Turinabol,"2nd place, silver medalist(s)",IOC re-analysis of sample in 2016[87],FALSE
2008,Beijing,,,Greco-Roman 60 kg,,,,FALSE
2008,Beijing,Vladimir Sedov, Kazakhstan,Weightlifting,Stanozolol,,IOC re-analysis of sample in 2016[87],FALSE
2008,Beijing,,,85 kg,,,,FALSE
2008,Beijing,Elena Slesarenko, Russia,Athletics,Turinabol,,IOC re-analysis of sample in 2016[87],FALSE
2008,Beijing,,,High Jump,,,,FALSE
2008,Beijing,Denys Yurchenko, Ukraine,Athletics,Turinabol,"3rd place, bronze medalist(s)",IOC re-analysis of sample in 2016[87],FALSE
2008,Beijing,,,Pole Vault,,,,FALSE
2008,Beijing,Pavel Lyzhyn, Belarus,Athletics,Turinabol,,IOC re-analysis of sample in 2016[88],FALSE
2008,Beijing,,,Shot Put,,,,FALSE
2008,Beijing,Aksana Miankova, Belarus,Athletics,Turinabol & Oxandrolone,"1st place, gold medalist(s)",IOC re-analysis of sample in 2016[88],FALSE
2008,Beijing,,,Hammer Throw,,,,FALSE
2008,Beijing,Natallia Mikhnevich, Belarus,Athletics,Metandienone & Stanozolol,"2nd place, silver medalist(s)",IOC re-analysis of sample in 2016[88],FALSE
2008,Beijing,,,Shot Put,,,,FALSE
2008,Beijing,Sviatlana Vusovich, Belarus,Athletics,Turinabol,,IOC re-analysis of sample in 2016[88],FALSE
2008,Beijing,,,800 Metres,,,,FALSE
2008,Beijing,Nadzeya Ostapchuk, Belarus,Athletics,Turinabol & Tamoxifen,"3rd place, bronze medalist(s)",IOC re-analysis of sample in 2017[89],FALSE
2008,Beijing,,,Shot Put,,,,FALSE
2008,Beijing,Darya Pchelnik, Belarus,Athletics,Turinabol,,IOC re-analysis of sample in 2017[89],FALSE
2008,Beijing,,,Hammer Throw,,,,FALSE
2008,Beijing,Cao Lei, China,Weightlifting,GHRP-2 & Metabolite,"1st place, gold medalist(s)",IOC re-analysis of sample in 2017[89],FALSE
2008,Beijing,,,75 kg,,,,FALSE
2008,Beijing,Chen Xiexia, China,Weightlifting,GHRP-2 & Metabolite,"1st place, gold medalist(s)",IOC re-analysis of sample in 2017[89],FALSE
2008,Beijing,,,48 kg,,,,FALSE
2008,Beijing,Liu Chunhong, China,Weightlifting,"GHRP-2 , Metabolite & Sibutramine","1st place, gold medalist(s)",IOC re-analysis of sample in 2017[89],FALSE
2008,Beijing,,,69 kg,,,,FALSE
2008,Beijing,Nesta Carter, Jamaica,Athletics,Methylhexanamine,"1st place, gold medalist(s)",IOC re-analysis of sample in 2017[106],FALSE
2008,Beijing,,,4 × 100 Metres Relay,,,,FALSE
2008,Beijing,Tatyana Lebedeva, Russia,Athletics,Turinabol,"2nd place, silver medalist(s)",IOC re-analysis of sample in 2017[106],FALSE
2008,Beijing,,,Triple Jump,,"2nd place, silver medalist(s)",,FALSE
2008,Beijing,,,Long Jump,,,,FALSE
2008,Beijing,Victoria Tereshchuk, Ukraine,Modern Pentathlon,Turinabol,"3rd place, bronze medalist(s)",IOC re-analysis of sample in 2017[107],FALSE
2008,Beijing,,,Individual,,,,FALSE
2008,Beijing,Vasyl Fedoryshyn, Ukraine,Wrestling,Turinabol,"2nd place, silver medalist(s)",IOC re-analysis of sample in 2017[108],FALSE
2008,Beijing,,,Freestyle 60 kg,,,,FALSE
2008,Beijing,Artur Taymazov, Uzbekistan,Wrestling,Turinabol & Stanozolol,"1st place, gold medalist(s)",IOC re-analysis of sample in 2017[108],FALSE
2008,Beijing,,,Freestyle 120 kg,,,,FALSE
2008,Beijing,Tatyana Chernova, Russia,Athletics,Turinabol,"3rd place, bronze medalist(s)",IOC re-analysis of sample in 2017[109],FALSE
2008,Beijing,,,Heptathlon,,,,FALSE
2008,Beijing,Denis Alexeev, Russia,Athletics,Turinabol,"3rd place, bronze medalist(s)",IOC re-analysis of sample in 2017[82],FALSE
2008,Beijing,,,Men's 4 × 400 m relay,,,,FALSE
2008,Beijing,Marta Bastianelli, Italy,Cycling,Fenfluramine,,Testing at the U-23 world championships[110],TRUE
2008,Beijing,Fani Halkia, Greece,Athletics,Methyltrienolone,,Pre-Games testing in Japan[111][112][113],TRUE
2008,Beijing,Maria Isabel Moreno, Spain,Cycling,Erythropoietin,,"Pre-Games testing in Olympic village, Beijing[114]",TRUE
2008,Beijing,Tatyana Tomashova, Russia,Athletics,,,IAAF out-of-competition tests in May and August 2007 [115],TRUE
2008,Beijing,Yelena Soboleva, Russia,Athletics,,,IAAF out-of-competition tests in May and August 2007 [115],TRUE
2008,Beijing,Svetlana Cherkasova, Russia,Athletics,,,IAAF out-of-competition tests in May and August 2007 [115],TRUE
2008,Beijing,Yuliya Fomenko, Russia,Athletics,,,IAAF out-of-competition tests in May and August 2007 [115],TRUE
2008,Beijing,Darya Pishchalnikova, Russia,Athletics,,,IAAF out-of-competition tests in May and August 2007 [115],TRUE
2008,Beijing,Gulfiya Khanafeyeva, Russia,Athletics,,,IAAF out-of-competition tests in May and August 2007 [115],TRUE
2008,Beijing,Olga Yegorova, Russia,Athletics,,,IAAF out-of-competition tests in May and August 2007 [115],TRUE
2012,London,Hussain Al-Hamdah, Saudi Arabia,Athletics,Biological passport abnormalities,,IAAF sanction imposed 2013 w/results annulled from 26 March 2009 onwards.[28][164],FALSE
2012,London,,,5000 metres,,,,FALSE
2012,London,Gamze Bulut, Turkey,Athletics,Biological passport abnormalities,"2nd place, silver medalist(s)",IAAF sanction imposed in 2017[165],FALSE
2012,London,,,1500 metres,,,,FALSE
2012,London,Mariya Savinova, Russia,Athletics,Biological passport abnormalities,"1st place, gold medalist(s)",CAS confirmed all results annulled from July 2010 to August 2013[166],FALSE
2012,London,,,800 metres,,,,FALSE
2012,London,Ghfran Almouhamad, Syria,Athletics,Methylhexaneamine,,IOC pre-competition testing at 2012 Summer Olympics[28][167],FALSE
2012,London,,,400 metres hurdles,,,,FALSE
2012,London,Elena Arzhakova, Russia,Athletics,Biological passport abnormalities,,IAAF sanction imposed 2013 w/results annulled from 12 July 2011 onwards.[28][168][169],FALSE
2012,London,,,800 metres,,,,FALSE
2012,London,Sergey Bakulin, Russia,Athletics,Biological passport abnormalities,,IAAF/CAS sanction imposed 2016 w/results annulled from 25 February 2011 to 24 December 2012.[170][171],FALSE
2012,London,,,50 km race walk,,,,FALSE
2012,London,Andrey Krivov, Russia,Athletics,Biological passport abnormalities,,IAAF/CAS sanction imposed 2017 w/ results annulled from 20 May 2011 to 6 July 2013[172],FALSE
2012,London,,,20 km race walk,,,,FALSE
2012,London,Valeriy Borchin, Russia,Athletics,Biological passport abnormalities,,IAAF/CAS sanction imposed 2016 w/results annulled from 14 August 2009 to 15 October 2012.[170][171],FALSE
2012,London,,,20 km race walk,,,,FALSE
2012,London,Abderrahime Bouramdane, Morocco,Athletics,Biological passport abnormalities,,IAAF sanction imposed 2015 w/results annulled from 14 April 2011 onwards.[170][173],FALSE
2012,London,,,Marathon,,,,FALSE
2012,London,Yolanda Caballero, Colombia,Athletics,Biological passport abnormalities,,IAAF sanction imposed 2014 w/results annulled from 24 October 2011 onwards.[170][173],FALSE
2012,London,,,Marathon,,,,FALSE
2012,London,Asl? Çak?r-Alptekin, Turkey,Athletics,Biological passport abnormalities,"1st place, gold medalist(s)",IAAF/CAS sanction imposed 2015 w/results annulled from 29 July 2010 onwards.[174][175],FALSE
2012,London,,,1500 metres,,,,FALSE
2012,London,Yekaterina Sharmina, Russia,Athletics,Biological passport abnormalities,,IAAF/CAS sanction imposed 2016 w/ results annulled from 17 June 2011 to 5 August 2015[176],FALSE
2012,London,,,1500 metres,,,,FALSE
2012,London,Nicholas Delpopolo, United States,Judo,Cannabis,,IOC post-event testing at 2012 Summer Olympics.[177],FALSE
2012,London,,,73 kg,,,,FALSE
2012,London,Bahar Do?an, Turkey,Athletics,Biological passport abnormalities,,IAAF sanction imposed 2015 w/results annulled from 3 June 2011 onwards.[170][173],FALSE
2012,London,,,Marathon,,,,FALSE
2012,London,Marta Domínguez, Spain,Athletics,Biological passport abnormalities,,IAAF/CAS sanction imposed 2015 w/results annulled from 5 August 2009 onwards.[170][178],FALSE
2012,London,,,Steeplechase,,,,FALSE
2012,London,Hamza Driouch, Qatar,Athletics,Biological passport abnormalities,,IAAF sanction imposed 2015 w/results annulled from 2 August 2012 onwards.[28][179][180],FALSE
2012,London,,,1500 metres,,,,FALSE
2012,London,Tyson Gay, United States,Athletics,Anabolic androgenic steroids,"2nd place, silver medalist(s) (4 × 100 meters)",USADA investigation after positive for anabolic androgenic steroids in 2013; admittance.[28][181][182][183],FALSE
2012,London,,,100 metres,,,,FALSE
2012,London,,,4 × 100 meters,,,,FALSE
2012,London,Yelizaveta Grechishnikova, Russia,Athletics,Biological passport abnormalities,,IAAF sanction imposed 2013 w/results annulled from 18 August 2009 onwards.[28][169][184],FALSE
2012,London,,,"10,000 metres",,,,FALSE
2012,London,Semoy Hackett, Trinidad and Tobago,Athletics,Methylhexaneamine,,Positive from Division I Outdoor Track & Field Championships in June 2012[28][185][186],FALSE
2012,London,,,100 metres,,,,FALSE
2012,London,,,200 metres,,,,FALSE
2012,London,,,4 × 100 metres relay,,,,FALSE
2012,London,Tetyana Hamera-Shmyrko, Ukraine,Athletics,Biological passport abnormalities,,IAAF sanction imposed 2015 w/results annulled from 26 August 2011 onwards.[170][173],FALSE
2012,London,,,Marathon,,,,FALSE
2012,London,Hassan Hirt, France,Athletics,EPO,,IOC pre-Games testing.[28][187],FALSE
2012,London,,,5000 metres,,,,FALSE
2012,London,Vladimir Kanaikin, Russia,Athletics,Biological passport abnormalities,,IAAF/CAS sanction imposed 2016 w/results annulled from 25 February 2011 to 17 December 2012.[170][171],FALSE
2012,London,,,20 km race walk,,,,FALSE
2012,London,Olga Kaniskina, Russia,Athletics,Biological passport abnormalities,"2nd place, silver medalist(s)",IAAF/CAS sanction imposed 2016 w/results annulled from 15 August 2009 to 15 October 2012.[170][171],FALSE
2012,London,,,20 km race walk,,,,FALSE
2012,London,Natallia Kareiva, Belarus,Athletics,Biological passport abnormalities,,IAAF sanction imposed 2014 w/results annulled from 28 July 2010 onwards.[28][169][188][189],FALSE
2012,London,,,1500 metres,,,,FALSE
2012,London,Ümmü Kiraz, Turkey,Athletics,Biological passport abnormalities,,IAAF sanction imposed 2015 w/results annulled from 3 June 2011 onwards.[170][173],FALSE
2012,London,,,Marathon,,,,FALSE
2012,London,Sergey Kirdyapkin, Russia,Athletics,Biological passport abnormalities,"1st place, gold medalist(s)",IAAF/CAS sanction imposed 2016 w/results annulled from 20 August 2009 to 15 October 2012.[170][171],FALSE
2012,London,,,50 km race walk,,,,FALSE
2012,London,Blaža Klemen?i?, Slovenia,Cycling,EPO,,UCI reanalysis of sample from 27 March 2012 in 2015. All results annulled from 27 March 2012 until 31 December 2012.[190],FALSE
2012,London,,,MTB,,,,FALSE
2012,London,Yekaterina Kostetskaya, Russia,Athletics,Biological passport abnormalities,,IAAF sanction imposed 2014 w/results annulled from 30 August 2011 onwards.[28][191][192],FALSE
2012,London,,,1500 metres,,,,FALSE
2012,London,Zalina Marghieva, Moldova,Athletics,"2009 WCh retest: Stanozolol, Oral Turinabol",,IAAF retesting of samples from 2009 IAAF World Championships[28][193],FALSE
2012,London,,,Hammer throw,,,,FALSE
2012,London,Karin Melis Mey, Turkey,Athletics,Testosterone,,Positive from the 2012 European Athletics Championships in June.[28][193] Provisionally suspended after the qualifying round at the Games.,FALSE
2012,London,,,Long jump,,,,FALSE
2012,London,Andrei Mikhnevich, Belarus,Athletics,"2005 WCh retest: Clenbuterol, Methandienone and Oxandrolone",,IAAF retest of sample from the 2005 IAAF World Championships. All results from August 2005 onwards annulled.[28][96],FALSE
2012,London,,,Shot put,,,,FALSE
2012,London,Anna Mishchenko, Ukraine,Athletics,Biological passport abnormalities,,IAAF sanction imposed 2015 w/results annulled from 28 June 2012 onwards.[170][173],FALSE
2012,London,,,1500 m,,,,FALSE
2012,London,Andriy Semenov, Ukraine,Athletics,Re-analysis of sample taken in 2011,,AIU sanction imposed 2019[194],FALSE
2012,London,,,Shot put,,,,FALSE
2012,London,Semiha Mutlu, Turkey,Athletics,Biological passport abnormalities,,IAAF sanction imposed 2015 w/results annulled from 20 August 2011 onwards.[170][173],FALSE
2012,London,,,20 km race walk,,,,FALSE
2012,London,Nadzeya Ostapchuk, Belarus,Athletics,Methenolone,"1st place, gold medalist(s)",IOC post-event testing at 2012 Summer Olympics (two separate positive samples).[28][195],FALSE
2012,London,,,Shot put,,,,FALSE
2012,London,Darya Pishchalnikova, Russia,Athletics,Oxandrolone,"2nd place, silver medalist(s)",Random out of competition test in May 2012. All her results (Including those at the 2012 Summer Olympics) since May 2012 were annulled by the IAAF in April 2013.[28][196],FALSE
2012,London,,,Discus throw,,,,FALSE
2012,London,Hysen Pulaku, Albania,Weightlifting,Stanozolol,,IOC pre-competition testing at 2012 Summer Olympics.[197],FALSE
2012,London,,,77 kg,,,,FALSE
2012,London,Meliz Redif, Turkey,Athletics,Biological passport abnormalities,,IAAF sanction imposed 2015 w/results annulled from 26 June 2012 onwards.[170][173],FALSE
2012,London,,,4 x 400 metres,,,,FALSE
2012,London,P?nar Saka, Turkey,Athletics,Biological passport abnormalities,,IAAF sanction imposed 2014 w/results annulled from 18 June 2010 onwards.[28][169][198],FALSE
2012,London,,,400 metres,,,,FALSE
2012,London,,,4 x 400 metres,,,,FALSE
2012,London,Mohammed Shaween, Saudi Arabia,Athletics,Biological passport abnormalities,,IAAF sanction imposed 2014 w/results annulled from 12 June 2011 onwards.[28][191][192],FALSE
2012,London,,,1500 metres,,,,FALSE
2012,London,Anzhelika Shevchenko, Ukraine,Athletics,Biological passport abnormalities,,IAAF sanction imposed 2013 w/results annulled from 2 July 2011 onwards.[28][169],FALSE
2012,London,,,1500 metres,,,,FALSE
2012,London,Liliya Shobukhova, Russia,Athletics,Biological passport abnormalities,,IAAF sanction imposed 2015 w/results annulled from 9 October 2009 onwards.[199][200],FALSE
2012,London,,,Marathon,,,,FALSE
2012,London,Svitlana Shmidt, Ukraine,Athletics,Biological passport abnormalities,,IAAF sanction imposed 2015 w/results annulled from 8 March 2012 onwards.[28][201][202][203],FALSE
2012,London,,,Steeplechase,,,,FALSE
2012,London,Soslan Tigiev, Uzbekistan,Wrestling,Methylhexaneamine,"3rd place, bronze medalist(s)",IOC post-event testing at 2012 Summer Olympics.[204],FALSE
2012,London,,,Freestyle 74 kg,,,,FALSE
2012,London,Binnaz Uslu, Turkey,Athletics,2011 WCh retest: Stanozolol,,IAAF retest of sample from 2011 World Championships[28][193][205],FALSE
2012,London,,,Steplechase,,,,FALSE
2012,London,Wang Jiali, China,Athletics,Biological passport abnormalities,,IAAF sanction imposed 2014 w/results annulled from 29 May 2012 onwards.[28][206],FALSE
2012,London,,,Marathon,,,,FALSE
2012,London,Nevin Yanit, Turkey,Athletics,Biological passport abnormalities,,IAAF/CAS sanction imposed 2015 w/results annulled from 28 June 2012 onwards.[28][207][208][209],FALSE
2012,London,,,100 metres hurdles,,,,FALSE
2012,London,Igor Yerokhin, Russia,Athletics,Biological passport abnormalities,,IAAF sanction imposed 2013 w/results annulled from 25 February 2011 onwards.[28][210],FALSE
2012,London,,,50 km walk,,,,FALSE
2012,London,Lyudmyla Yosypenko, Ukraine,Athletics,Biological passport abnormalities,,IAAF sanction imposed 2013 w/results annulled from 25 August 2011 onwards.[28][193],FALSE
2012,London,,,Heptathlon,,,,FALSE
2012,London,Dilshod Nazarov, Tajikistan,Athletics,Turinabol,,AIU sanction imposed 2021 w/results annulled from 29 August 2011 to 29 August 2013[211],FALSE
2012,London,,,Hammer Throw,,,,FALSE
2012,London,Olga Beresnyeva, Ukraine,Swimming,EPO,,IOC re-analysis of sample in 2015[212][213],FALSE
2012,London,,,Open water,,,,FALSE
2012,London,Yuliya Kalina, Ukraine,Weightlifting,Turinabol,"3rd place, bronze medalist(s)",IOC re-analysis of sample in 2016.[214],FALSE
2012,London,,,58 kg,,,,FALSE
2012,London,Pavel Kryvitski, Belarus,Athletics,Turinabol & Stanozolol,,IOC re-analysis of sample in 2016[102],FALSE
2012,London,,,Hammer throw,,,,FALSE
2012,London,Oleksandr Pyatnytsya, Ukraine,Athletics,Turinabol,"2nd place, silver medalist(s)",IOC re-analysis of sample in 2016[102],FALSE
2012,London,,,Javelin throw,,,,FALSE
2012,London,Yuliya Zaripova, Russia,Athletics,Turinabol,"1st place, gold medalist(s)",IOC re-analysis of sample in 2016[215],FALSE
2012,London,,,3000 Metres Steeplechase,,,,FALSE
2012,London,Maiya Maneza, Kazakhstan,Weightlifting,Stanozolol,"1st place, gold medalist(s)",IOC re-analysis of sample in 2016[146],FALSE
2012,London,,,63 kg,,,,FALSE
2012,London,Zulfiya Chinshanlo, Kazakhstan,Weightlifting,Stanozolol & Oxandrolone,"1st place, gold medalist(s)",IOC re-analysis of sample in 2016[146],FALSE
2012,London,,,53 kg,,,,FALSE
2012,London,Svetlana Podobedova, Kazakhstan,Weightlifting,Stanozolol,"1st place, gold medalist(s)",IOC re-analysis of sample in 2016[146],FALSE
2012,London,,,75 kg,,,,FALSE
2012,London,Yevgeniya Kolodko, Russia,Athletics,Turinabol & Ipamorelin,"2nd place, silver medalist(s)",IOC re-analysis of sample in 2016[151],FALSE
2012,London,,,Shot Put,,,,FALSE
2012,London,Ekaterina Gnidenko, Russia,Cycling,Turinabol,,IOC re-analysis of sample in 2016[82],FALSE
2012,London,,,Keirin,,,,FALSE
2012,London,Tatyana Lysenko, Russia,Athletics,Turinabol,"1st place, gold medalist(s)",IOC re-analysis of sample in 2016[155],FALSE
2012,London,,,Hammer Throw,,,,FALSE
2012,London,Apti Aukhadov, Russia,Weightlifting,Turinabol & Drostanolone,"2nd place, silver medalist(s)",IOC re-analysis of sample in 2016[145],FALSE
2012,London,,,85 kg,,,,FALSE
2012,London,Maksym Mazuryk, Ukraine,Athletics,Turinabol,,IOC re-analysis of sample in 2016[145],FALSE
2012,London,,,Pole Vault,,,,FALSE
2012,London,Kirill Ikonnikov, Russia,Athletics,Turinabol,,IOC re-analysis of sample in 2016[146],FALSE
2012,London,,,Hammer Throw,,,,FALSE
2012,London,Dzina Sazanavets, Belarus,Weightlifting,Drostanolone & Stanozolol,,IOC re-analysis of sample in 2016[146],FALSE
2012,London,,,69 kg,,,,FALSE
2012,London,Maryna Shkermankova, Belarus,Weightlifting,Turinabol & Stanozolol,"3rd place, bronze medalist(s)",IOC re-analysis of sample in 2016[146],FALSE
2012,London,,,69 kg,,,,FALSE
2012,London,Dmitry Starodubtsev, Russia,Athletics,Turinabol,,IOC re-analysis of sample in 2016[146],FALSE
2012,London,,,Pole Vault,,,,FALSE
2012,London,Yauheni Zharnasek, Belarus,Weightlifting,"Turinabol, Oxandrolone & Stanozolol",,IOC re-analysis of sample in 2016[146],FALSE
2012,London,,,+105 kg,,,,FALSE
2012,London,Besik Kudukhov, Russia,Wrestling,Turinabol,"2nd place, silver medalist(s) (medal retained due to athlete's death in December 2013)",IOC re-analysis of sample in 2016[146],FALSE
2012,London,,,Freestyle 60 kg,,,,FALSE
2012,London,Andrey Demanov, Russia,Weightlifting,Turinabol,,IOC re-analysis of sample in 2016[215],FALSE
2012,London,,,94 kg,,,,FALSE
2012,London,Oleksandr Drygol, Ukraine,Athletics,Turinabol,,IOC re-analysis of sample in 2016[215],FALSE
2012,London,,,Hammer Throw,,,,FALSE
2012,London,Cristina Iovu, Moldova,Weightlifting,Turinabol,"3rd place, bronze medalist(s)",IOC re-analysis of sample in 2016[215],FALSE
2012,London,,,53 kg,,,,FALSE
2012,London,Aleksandr Ivanov, Russia,Weightlifting,Turinabol & Tamoxifen,"2nd place, silver medalist(s)",IOC re-analysis of sample in 2016[215],FALSE
2012,London,,,94 kg,,,,FALSE
2012,London,Hripsime Khurshudyan, Armenia,Weightlifting,Turinabol & Stanozolol,"3rd place, bronze medalist(s)",IOC re-analysis of sample in 2016[215],FALSE
2012,London,,,+75 kg,,,,FALSE
2012,London,Iryna Kulesha, Belarus,Weightlifting,Turinabol & Stanozolol,"3rd place, bronze medalist(s)",IOC re-analysis of sample in 2016[215],FALSE
2012,London,,,75 kg,,,,FALSE
2012,London,Rauli Tsirekidze, Georgia,Weightlifting,Turinabol & Stanozolol,,IOC re-analysis of sample in 2016[215],FALSE
2012,London,,,85 kg,,,,FALSE
2012,London,Marharyta Tverdokhlib, Ukraine,Athletics,Turinabol & Stanozolol,,IOC re-analysis of sample in 2016[215],FALSE
2012,London,,,Long Jump,,,,FALSE
2012,London,Almas Uteshov, Kazakhstan,Weightlifting,Turinabol & Stanozolol,,IOC re-analysis of sample in 2016[215],FALSE
2012,London,,,94 kg,,,,FALSE
2012,London,Natalya Zabolotnaya, Russia,Weightlifting,Turinabol,"2nd place, silver medalist(s)",IOC re-analysis of sample in 2016[215],FALSE
2012,London,,,75 kg,,,,FALSE
2012,London,Anatolie Cîrîcu, Moldova,Weightlifting,Turinabol,"3rd place, bronze medalist(s)",IOC re-analysis of sample in 2016[215],FALSE
2012,London,,,94 kg,,,,FALSE
2012,London,Ilya Ilyin, Kazakhstan,Weightlifting,Turinabol & Stanozolol,"1st place, gold medalist(s)",IOC re-analysis of sample in 2016[88],FALSE
2012,London,,,94 kg,,,,FALSE
2012,London,Aksana Miankova, Belarus,Athletics,Turinabol & Stanozolol,,IOC re-analysis of sample in 2016[88],FALSE
2012,London,,,Hammer Throw,,,,FALSE
2012,London,Nastassia Mironchyk-Ivanova, Belarus,Athletics,Turinabol,,IOC re-analysis of sample in 2016[88],FALSE
2012,London,,,Long Jump,,,,FALSE
2012,London,Boyanka Kostova, Azerbaijan,Weightlifting,Turinabol & Stanozolol,,IOC re-analysis of sample in 2016[88],FALSE
2012,London,,,58 kg,,,,FALSE
2012,London,Sibel Simsek, Turkey,Weightlifting,Turinabol & Stanozolol,,IOC re-analysis of sample in 2017[89],FALSE
2012,London,,,63 kg,,,,FALSE
2012,London,Intigam Zairov, Azerbaijan,Weightlifting,Turinabol,,IOC re-analysis of sample in 2017[89],FALSE
2012,London,,,94 kg,,,,FALSE
2012,London,Norayr Vardanyan, Armenia,Weightlifting,Turinabol,,IOC re-analysis of sample in 2017[89],FALSE
2012,London,,,94 kg,,,,FALSE
2012,London,Vera Ganeeva, Russia,Athletics,Turinabol,,IOC re-analysis of sample in 2017[216],FALSE
2012,London,,,Discus Throw,,,,FALSE
2012,London,Adem Kilicci, Turkey,Boxing,Turinabol,,IOC re-analysis of sample in 2017[216],FALSE
2012,London,,,Middleweight,,,,FALSE
2012,London,Antonina Krivoshapka, Russia,Athletics,Turinabol,"2nd place, silver medalist(s) (4 x 400 metres)",IOC re-analysis of sample in 2017[216],FALSE
2012,London,,,400 Metres,,,,FALSE
2012,London,,,4 x 400 Metres Relay,,,,FALSE
2012,London,Mariya Bespalova, Russia,Athletics,Turinabol,,IOC re-analysis of sample in 2017[217],FALSE
2012,London,,,Hammer Throw,,,,FALSE
2012,London,Khadzhimurat Akkaev, Russia,Weightlifting,Turinabol,,IOC re-analysis of sample in 2017[217],FALSE
2012,London,,,105 kg,,,,FALSE
2012,London,Gulfiya Khanafeyeva, Russia,Athletics,Turinabol,,IOC re-analysis of sample in 2017[217],FALSE
2012,London,,,Hammer Throw,,,,FALSE
2012,London,Victoria Valyukevich, Russia,Athletics,Turinabol,,IOC re-analysis of sample in 2017[217],FALSE
2012,London,,,Triple Jump,,,,FALSE
2012,London,Svetlana Tsarukaeva, Russia,Weightlifting,Turinabol,"2nd place, silver medalist(s)",IOC re-analysis of sample in 2017[108],FALSE
2012,London,,,63 kg,,,,FALSE
2012,London,Maksim Dyldin, Russia,Athletics,Turinabol,,IOC re-analysis of sample in 2017[109],FALSE
2012,London,,,400 Metres,,,,FALSE
2012,London,,,4 x 400 Metres Relay,,,,FALSE
2012,London,Tatyana Chernova, Russia,Athletics,Turinabol,"3rd place, bronze medalist(s)",IOC re-analysis of sample in 2017[218],FALSE
2012,London,,,Heptathlon,,,,FALSE
2012,London,Anna Nazarova, Russia,Athletics,Turinabol,,IOC re-analysis of sample in 2017[219],FALSE
2012,London,,,Long Jump,,,,FALSE
2012,London,Yulia Gushchina, Russia,Athletics,Turinabol & Stanozolol,"2nd place, silver medalist(s) (4 x 400 metres)",IOC re-analysis of sample in 2017[219],FALSE
2012,London,,,400 Metres,,,,FALSE
2012,London,,,4 x 400 Metres Relay,,,,FALSE
2012,London,Davit Modzmanashvili, Georgia,Wrestling,Turinabol,"2nd place, silver medalist(s)",IOC re-analysis of sample in 2019[220],FALSE
2012,London,,,Freestyle 120 kg,,,,FALSE
2012,London,Valentin Hristov, Azerbaijan,Weightlifting,Turinabol,"3rd place, bronze medalist(s)",IOC re-analysis of sample in 2019[221],FALSE
2012,London,,,56 kg,,,,FALSE
2012,London,Alena Matoshka, Belarus,Athletics,Oxandrolone,,IOC re-analysis of sample in 2019[221],FALSE
2012,London,,,Hammer Throw,,,,FALSE
2012,London,Anis Ananenka, Belarus,Athletics,Turinabol,,IOC re-analysis of sample in 2019[221],FALSE
2012,London,,,800 Metres,,,,FALSE
2012,London,Meline Daluzyan, Armenia,Weightlifting,Turinabol & Stanozolol,,IOC re-analysis of sample in 2019[222],FALSE
2012,London,,,69 kg,,,,FALSE
2012,London,Ineta Rad?vi?a, Latvia,Athletics,Oxandrolone,,IOC re-analysis of sample in 2019[222],FALSE
2012,London,,,Long Jump,,,,FALSE
2012,London,Florin Croitoru, Romania,Weightlifting,"Turinabol, Metenolone & Stanozolol",,IOC re-analysis of sample in 2019[223],FALSE
2012,London,,,56 kg,,,,FALSE
2012,London,Jevgenij Shuklin, Lithuania,Canoeing,Turinabol,"2nd place, silver medalist(s)",IOC re-analysis of sample in 2019[224],FALSE
2012,London,,,C-1 200 Metres,,,,FALSE
2012,London,Artur Taymazov, Uzbekistan,Wrestling,Turinabol,"1st place, gold medalist(s)",IOC re-analysis of sample in 2019[225],FALSE
2012,London,,,Freestyle 120 kg,,,,FALSE
2012,London,Oleksiy Torokhtiy, Ukraine,Weightlifting,Turinabol,"1st place, gold medalist(s)",IOC re-analysis of sample in 2019[226],FALSE
2012,London,,,105 kg,,,,FALSE
2012,London,Klodiana Shala, Albania,Athletics,Stanozolol,,IOC re-analysis of sample in 2020[227],FALSE
2012,London,,,200 Metres,,,,FALSE
2012,London,Gülcan M?ng?r, Turkey,Athletics,Turinabol,,IOC re-analysis of sample in 2020[228],FALSE
2012,London,,,3000 Metres Steeplechase,,,,FALSE
2012,London,Mete Binay, Turkey,Weightlifting,Stanozolol,,IOC re-analysis of sample in 2020[229],FALSE
2012,London,,,69 kg,,,,FALSE
2012,London,Erol Bilgin, Turkey,Weightlifting,Turinabol & Stanozolol,,IOC re-analysis of sample in 2020[230],FALSE
2012,London,,,62 kg,,,,FALSE
2012,London,Razvan Martin, Romania,Weightlifting,"Turinabol, Metenolone & Stanozolol","3rd place, bronze medalist(s)",IOC re-analysis of sample in 2020[231],FALSE
2012,London,,,69 kg,,,,FALSE
2012,London,Roxana Coco?, Romania,Weightlifting,Metenolone & Stanozolol,"2nd place, silver medalist(s)",IOC re-analysis of sample in 2020[231],FALSE
2012,London,,,69 kg,,,,FALSE
2012,London,Gabriel Sincraian, Romania,Weightlifting,Metenolone & Stanozolol,,IOC re-analysis of sample in 2020[231],FALSE
2012,London,,,85 kg,,,,FALSE
2012,London,Tatyana Firova, Russia,Athletics,,"2nd place, silver medalist(s)",CAS decision imposed in 2019[232],FALSE
2012,London,,,4 x 400 Metres Relay,,,,FALSE
2012,London,Svetlana Shkolina, Russia,Athletics,,"3rd place, bronze medalist(s)",CAS decision imposed in 2019[232],FALSE
2012,London,,,High Jump,,,,FALSE
2012,London,Ivan Ukhov, Russia,Athletics,,"1st place, gold medalist(s)",CAS decision imposed in 2019[232],FALSE
2012,London,,,High Jump,,,,FALSE
2012,London,Lyukman Adams, Russia,Athletics,,,CAS decision imposed in 2019[232],FALSE
2012,London,,,Triple Jump,,,,FALSE
2012,London,Yekaterina Galitskaya, Russia,Athletics,,,CAS decision imposed in 2019[232],FALSE
2012,London,,,100 Metres Hurdles,,,,FALSE
2012,London,Yuliya Kondakova, Russia,Athletics,,,CAS decision imposed in 2019[232],FALSE
2012,London,,,100 Metres Hurdles,,,,FALSE
2012,London,Ruslan Nurudinov, Uzbekistan,Weightlifting,Turinabol,,CAS decision imposed in 2019[233],FALSE
2012,London,,,105 kg,,,,FALSE
2012,London,Mikalai Novikau, Belarus,Weightlifting,Turinabol & Stanozolol,,CAS decision imposed in 2019[233],FALSE
2012,London,,,85 kg,,,,FALSE
2012,London,Victoria Baranova, Russia,Cycling,Testosterone,,IOC pre-Games testing in Belarus[234],TRUE
2012,London,,,Track - sprint,,,,TRUE
2012,London,Kissya Cataldo, Brazil,Rowing,EPO,,International Rowing Federation pre-Games testing in Brazil[125][235],TRUE
2012,London,,,Single sculls,,,,TRUE
2012,London,Luiza Galiulina, Uzbekistan,Gymnastics,Furosemide,,IOC pre-Games testing in Uzbekistan.[236],TRUE
2012,London,Amine Laâlou, Morocco,Athletics,Furosemide,,IAAF post-competition testing at Diamond League meeting in Monte Carlo.[237],TRUE
2012,London,,,1500 metres,,,,TRUE
2012,London,Marina Marghieva, Moldova,Athletics,Stanozolol,,IOC pre-Games testing.[28][193][238],TRUE
2012,London,(Marina Nichi?enco),,Hammer throw,,,,TRUE
2012,London,Diego Palomeque, Colombia,Athletics,Exogenous testosterone,,IOC pre-competition testing at 2012 Summer Olympics.[239],TRUE
2012,London,,,400 metres,,,,TRUE
2012,London,Alex Schwazer, Italy,Athletics,EPO,,IOC pre-Games testing in Italy.[240],TRUE
2012,London,,,50 km walk,,,,TRUE
2012,London,Tameka Williams, Saint Kitts and Nevis,Athletics,"""Blast Off Red""",,"Did not fail test but confessed to have used an illegal ""veterinary medicine"".[241]",TRUE
2012,London,,,100 metres,,,,TRUE
2016,Rio de Janerio,Izzat Artykov, Kyrgyzstan,Weightlifting,Strychnine,"3rd place, bronze medalist(s) (69 kg)",Positive test for strychnine and forfeiture of medal announced by CAS.[249],FALSE
2016,Rio de Janerio,,,69 kg,,,,FALSE
2016,Rio de Janerio,Chen Xinyi, China,Swimming,Hydrochlorothiazide,,Tested positive for the diuretic hydrochlorothiazide; applied for B sample to be tested and hearing to be held.[250],FALSE
2016,Rio de Janerio,,,100 metre butterfly,,,,FALSE
2016,Rio de Janerio,Anastassya Kudinova, Kazakhstan,Athletics,Drostanolone,,"Out-of-competition test in Almaty, Kazakhstan on 13 July 2016[251]",FALSE
2016,Rio de Janerio,,,400 metres,,,,FALSE
2016,Rio de Janerio,Kléber Ramos, Brazil,Cycling,CERA,,IOC pre-games test 31 July and out-of-competition test (blood and urine) 4 August.[252] Provisionally suspended by UCI on 12 August.[253],FALSE
2016,Rio de Janerio,,,Road race,,,,FALSE
2016,Rio de Janerio,Serghei Tarnovschi, Moldova,Canoeing,GHRP-2,"3rd place, bronze medalist(s) (C-1 1000 metres)","Result from pre-game test. Provisionally suspended on 18 August.[254][255] On 11 July 2017, the Court of Arbitration for Sport upheld the International Canoe Federation's decision of 30 January 2017 imposing a period of ineligibility of four years and the disqualification of all results from 8 July 2016 onwards.[256]",FALSE
2016,Rio de Janerio,,,C-1 1000 metres,,,,FALSE
2016,Rio de Janerio,,,C-2 1000 metres,,,,FALSE
2016,Rio de Janerio,Chagnaadorj Usukhbayar, Mongolia,Weightlifting,Exogenous testosterone,,IOC out-of-competition test on 7 August.[257],FALSE
2016,Rio de Janerio,,,56 kg,,,,FALSE
2016,Rio de Janerio,Misha Aloian, Russia (RUS),Boxing,Tuaminoheptane,"2nd place, silver medalist(s) (Men's flyweight)","On 8 December 2016, the CAS disqualified weightlifter Gabriel Sîncr?ian of Romania and boxer Misha Aloian of Russia for doping.[258]",FALSE
2016,Rio de Janerio,,,Men's flyweight,,,,FALSE
2016,Rio de Janerio,Gabriel Sîncr?ian, Romania (ROM),Weightlifting,,"3rd place, bronze medalist(s) (Men's 85 kg)","On 8 December 2016, the CAS disqualified weightlifter Gabriel Sîncr?ian of Romania and boxer Misha Aloian of Russia for doping.[258]",FALSE
2016,Rio de Janerio,,,Men's 85 kg,,,,FALSE
